interview__key,fecha,hora_acc,cve_entrevistador
37-34-37-26,10/11/2020,19:43:24,E050101
37-34-37-26,10/11/2020,19:43:24,E050101
37-34-37-26,10/11/2020,19:43:24,E050101
37-34-37-26,10/11/2020,19:43:24,E050101
37-34-37-26,10/11/2020,19:43:25,E050101
37-34-37-26,10/11/2020,19:44:25,E050101
37-34-37-26,10/11/2020,19:48:26,E050101
37-34-37-26,10/11/2020,19:59:20,E050101
37-34-37-26,10/11/2020,19:59:20,E050101
37-34-37-26,11/11/2020,03:01:48,E050101
37-34-37-26,11/11/2020,03:01:48,E050101
37-34-37-26,11/11/2020,03:05:45,E050101
37-34-37-26,11/11/2020,03:05:45,E050101
37-34-37-26,14/11/2020,00:54:07,admin
31-99-57-96,10/11/2020,17:31:06,E050101
31-99-57-96,10/11/2020,17:31:06,E050101
31-99-57-96,10/11/2020,17:31:06,E050101
31-99-57-96,10/11/2020,17:31:06,E050101
31-99-57-96,10/11/2020,17:31:08,E050101
31-99-57-96,10/11/2020,17:33:28,E050101
31-99-57-96,10/11/2020,17:33:28,E050101
31-99-57-96,10/11/2020,17:39:50,E050101
31-99-57-96,10/11/2020,17:39:50,E050101
31-99-57-96,10/11/2020,17:42:07,E050101
31-99-57-96,10/11/2020,17:52:33,E050101
31-99-57-96,10/11/2020,17:54:21,E050101
31-99-57-96,10/11/2020,17:54:21,E050101
31-99-57-96,10/11/2020,18:05:23,E050101
31-99-57-96,10/11/2020,18:05:23,E050101
31-99-57-96,10/11/2020,18:17:55,E050101
31-99-57-96,10/11/2020,18:17:55,E050101
31-99-57-96,10/11/2020,18:30:45,E050101
31-99-57-96,10/11/2020,18:30:45,E050101
31-99-57-96,10/11/2020,18:37:47,E050101
31-99-57-96,10/11/2020,18:37:48,E050101
31-99-57-96,10/11/2020,18:38:00,E050101
31-99-57-96,10/11/2020,18:38:00,E050101
31-99-57-96,14/11/2020,00:54:07,admin
48-86-17-85,11/11/2020,17:22:15,E050101
48-86-17-85,11/11/2020,17:22:15,E050101
48-86-17-85,11/11/2020,17:22:15,E050101
48-86-17-85,11/11/2020,17:22:15,E050101
48-86-17-85,11/11/2020,17:22:18,E050101
48-86-17-85,11/11/2020,17:23:22,E050101
48-86-17-85,11/11/2020,17:25:17,E050101
48-86-17-85,11/11/2020,17:26:58,E050101
48-86-17-85,11/11/2020,17:41:15,E050101
48-86-17-85,11/11/2020,17:49:03,E050101
48-86-17-85,11/11/2020,17:49:03,E050101
48-86-17-85,11/11/2020,18:04:03,E050101
48-86-17-85,11/11/2020,18:34:12,E050101
48-86-17-85,11/11/2020,18:44:52,E050101
48-86-17-85,11/11/2020,18:44:52,E050101
48-86-17-85,14/11/2020,00:54:07,admin
21-69-92-61,07/11/2020,20:13:02,E050101
21-69-92-61,07/11/2020,20:13:02,E050101
21-69-92-61,07/11/2020,20:13:02,E050101
21-69-92-61,07/11/2020,20:13:02,E050101
21-69-92-61,07/11/2020,20:13:05,E050101
21-69-92-61,07/11/2020,20:14:44,E050101
21-69-92-61,07/11/2020,20:37:15,E050101
21-69-92-61,07/11/2020,20:52:15,E050101
21-69-92-61,09/11/2020,16:32:57,E050101
21-69-92-61,09/11/2020,16:34:47,E050101
21-69-92-61,09/11/2020,16:34:47,E050101
21-69-92-61,09/11/2020,16:46:44,E050101
21-69-92-61,09/11/2020,16:51:15,E050101
21-69-92-61,09/11/2020,16:54:03,E050101
21-69-92-61,09/11/2020,16:54:38,E050101
21-69-92-61,09/11/2020,16:55:38,E050101
21-69-92-61,09/11/2020,16:55:38,E050101
21-69-92-61,09/11/2020,16:58:42,E050101
21-69-92-61,10/11/2020,15:37:44,E050101
21-69-92-61,10/11/2020,15:41:07,E050101
21-69-92-61,10/11/2020,15:43:04,E050101
21-69-92-61,10/11/2020,15:45:08,E050101
21-69-92-61,10/11/2020,16:05:31,E050101
21-69-92-61,10/11/2020,16:10:23,E050101
21-69-92-61,10/11/2020,16:10:23,E050101
21-69-92-61,10/11/2020,16:14:35,E050101
21-69-92-61,10/11/2020,16:14:35,E050101
21-69-92-61,10/11/2020,16:22:45,E050101
21-69-92-61,10/11/2020,16:22:46,E050101
21-69-92-61,10/11/2020,16:23:30,E050101
21-69-92-61,10/11/2020,16:23:30,E050101
21-69-92-61,10/11/2020,20:01:24,E050101
21-69-92-61,10/11/2020,20:01:25,E050101
21-69-92-61,10/11/2020,20:01:53,E050101
21-69-92-61,10/11/2020,20:01:53,E050101
21-69-92-61,14/11/2020,00:54:07,admin
51-19-67-64,16/11/2020,17:36:13,E110106
51-19-67-64,16/11/2020,17:36:13,E110106
51-19-67-64,16/11/2020,17:36:13,E110106
51-19-67-64,16/11/2020,17:36:13,E110106
51-19-67-64,16/11/2020,17:36:16,E110106
51-19-67-64,16/11/2020,17:44:57,E110106
51-19-67-64,16/11/2020,17:44:57,E110106
51-19-67-64,17/11/2020,05:48:22,admin
97-99-81-42,10/11/2020,18:59:43,E050103
97-99-81-42,10/11/2020,18:59:43,E050103
97-99-81-42,10/11/2020,18:59:43,E050103
97-99-81-42,10/11/2020,18:59:43,E050103
97-99-81-42,10/11/2020,18:59:44,E050103
97-99-81-42,10/11/2020,19:02:33,E050103
97-99-81-42,10/11/2020,19:02:34,E050103
97-99-81-42,10/11/2020,19:03:35,E050103
97-99-81-42,10/11/2020,19:14:49,E050103
97-99-81-42,10/11/2020,19:29:49,E050103
97-99-81-42,10/11/2020,19:33:00,E050103
97-99-81-42,10/11/2020,19:43:06,E050103
97-99-81-42,10/11/2020,19:43:06,E050103
97-99-81-42,10/11/2020,19:45:37,E050103
97-99-81-42,10/11/2020,19:45:37,E050103
97-99-81-42,10/11/2020,20:00:37,E050103
97-99-81-42,11/11/2020,06:32:31,E050103
97-99-81-42,11/11/2020,06:33:12,E050103
97-99-81-42,11/11/2020,06:33:12,E050103
97-99-81-42,14/11/2020,00:54:07,admin
25-86-07-95,11/11/2020,18:00:37,E050104
25-86-07-95,11/11/2020,18:00:37,E050104
25-86-07-95,11/11/2020,18:00:37,E050104
25-86-07-95,11/11/2020,18:00:37,E050104
25-86-07-95,11/11/2020,18:00:40,E050104
25-86-07-95,11/11/2020,18:07:51,E050104
25-86-07-95,11/11/2020,18:07:51,E050104
25-86-07-95,14/11/2020,23:27:24,admin
04-18-54-61,11/11/2020,22:39:32,E110104
04-18-54-61,11/11/2020,22:39:32,E110104
04-18-54-61,11/11/2020,22:39:32,E110104
04-18-54-61,11/11/2020,22:39:32,E110104
04-18-54-61,11/11/2020,22:39:33,E110104
04-18-54-61,11/11/2020,22:43:58,E110104
04-18-54-61,11/11/2020,22:44:01,E110104
04-18-54-61,11/11/2020,22:57:00,E110104
04-18-54-61,11/11/2020,22:57:18,E110104
04-18-54-61,11/11/2020,22:59:21,E110104
04-18-54-61,11/11/2020,23:00:36,E110104
04-18-54-61,11/11/2020,23:01:44,E110104
04-18-54-61,11/11/2020,23:02:07,E110104
04-18-54-61,11/11/2020,23:03:36,E110104
04-18-54-61,11/11/2020,23:03:47,E110104
04-18-54-61,11/11/2020,23:09:12,E110104
04-18-54-61,11/11/2020,23:09:12,E110104
04-18-54-61,11/11/2020,23:12:25,E110104
04-18-54-61,11/11/2020,23:12:25,E110104
04-18-54-61,11/11/2020,23:14:44,E110104
04-18-54-61,11/11/2020,23:14:44,E110104
04-18-54-61,11/11/2020,23:16:27,E110104
04-18-54-61,11/11/2020,23:17:18,E110104
04-18-54-61,11/11/2020,23:21:34,E110104
04-18-54-61,11/11/2020,23:21:34,E110104
04-18-54-61,11/11/2020,23:22:58,E110104
04-18-54-61,11/11/2020,23:27:47,E110104
04-18-54-61,11/11/2020,23:30:34,E110104
04-18-54-61,11/11/2020,23:30:50,E110104
04-18-54-61,11/11/2020,23:34:51,E110104
04-18-54-61,11/11/2020,23:35:02,E110104
04-18-54-61,11/11/2020,23:54:57,E110104
04-18-54-61,11/11/2020,23:55:42,E110104
04-18-54-61,12/11/2020,00:00:41,E110104
04-18-54-61,12/11/2020,00:00:43,E110104
04-18-54-61,12/11/2020,00:05:25,E110104
04-18-54-61,12/11/2020,00:11:14,E110104
04-18-54-61,12/11/2020,00:11:40,E110104
04-18-54-61,12/11/2020,00:11:40,E110104
04-18-54-61,14/11/2020,00:54:07,admin
47-45-29-99,11/11/2020,17:22:47,E050103
47-45-29-99,11/11/2020,17:22:47,E050103
47-45-29-99,11/11/2020,17:22:47,E050103
47-45-29-99,11/11/2020,17:22:47,E050103
47-45-29-99,11/11/2020,17:22:51,E050103
47-45-29-99,11/11/2020,17:26:18,E050103
47-45-29-99,11/11/2020,17:26:32,E050103
47-45-29-99,11/11/2020,17:27:32,E050103
47-45-29-99,11/11/2020,17:28:02,E050103
47-45-29-99,11/11/2020,17:37:18,E050103
47-45-29-99,11/11/2020,17:37:18,E050103
47-45-29-99,11/11/2020,17:39:20,E050103
47-45-29-99,11/11/2020,17:39:20,E050103
47-45-29-99,11/11/2020,17:43:19,E050103
47-45-29-99,11/11/2020,17:43:26,E050103
47-45-29-99,11/11/2020,17:46:30,E050103
47-45-29-99,11/11/2020,17:46:30,E050103
47-45-29-99,11/11/2020,17:52:55,E050103
47-45-29-99,11/11/2020,17:52:56,E050103
47-45-29-99,11/11/2020,17:59:05,E050103
47-45-29-99,11/11/2020,17:59:05,E050103
47-45-29-99,11/11/2020,17:59:19,E050103
47-45-29-99,11/11/2020,17:59:20,E050103
47-45-29-99,11/11/2020,17:59:42,E050103
47-45-29-99,11/11/2020,17:59:42,E050103
47-45-29-99,14/11/2020,00:54:07,admin
59-44-86-05,17/11/2020,18:28:06,E110102
59-44-86-05,17/11/2020,18:28:06,E110102
59-44-86-05,17/11/2020,18:28:06,E110102
59-44-86-05,17/11/2020,18:28:06,E110102
59-44-86-05,17/11/2020,18:28:07,E110102
59-44-86-05,17/11/2020,18:29:35,E110102
59-44-86-05,17/11/2020,18:29:35,E110102
59-44-86-05,17/11/2020,18:34:44,E110102
59-44-86-05,17/11/2020,18:34:51,E110102
59-44-86-05,17/11/2020,18:36:32,E110102
59-44-86-05,17/11/2020,18:36:32,E110102
59-44-86-05,17/11/2020,19:37:03,E110102
59-44-86-05,17/11/2020,19:37:04,E110102
59-44-86-05,17/11/2020,19:38:22,E110102
59-44-86-05,17/11/2020,19:38:22,E110102
59-44-86-05,17/11/2020,19:40:10,E110102
59-44-86-05,17/11/2020,19:40:11,E110102
59-44-86-05,17/11/2020,19:41:13,E110102
59-44-86-05,17/11/2020,19:41:13,E110102
59-44-86-05,17/11/2020,19:41:16,E110102
59-44-86-05,17/11/2020,19:41:16,E110102
59-44-86-05,17/11/2020,22:27:36,admin
42-53-88-38,11/11/2020,18:33:13,E050103
42-53-88-38,11/11/2020,18:33:13,E050103
42-53-88-38,11/11/2020,18:33:13,E050103
42-53-88-38,11/11/2020,18:33:13,E050103
42-53-88-38,11/11/2020,18:33:14,E050103
42-53-88-38,11/11/2020,18:37:18,E050103
42-53-88-38,11/11/2020,18:45:38,E050103
42-53-88-38,11/11/2020,18:50:58,E050103
42-53-88-38,11/11/2020,18:51:59,E050103
42-53-88-38,11/11/2020,18:54:59,E050103
42-53-88-38,11/11/2020,18:55:43,E050103
42-53-88-38,11/11/2020,18:59:20,E050103
42-53-88-38,11/11/2020,18:59:20,E050103
42-53-88-38,14/11/2020,00:54:07,admin
68-55-62-58,18/11/2020,15:40:58,E110106
68-55-62-58,18/11/2020,15:40:58,E110106
68-55-62-58,18/11/2020,15:40:58,E110106
68-55-62-58,18/11/2020,15:40:58,E110106
68-55-62-58,18/11/2020,15:41:01,E110106
68-55-62-58,18/11/2020,15:50:22,E110106
68-55-62-58,18/11/2020,15:50:22,E110106
68-55-62-58,18/11/2020,20:59:58,admin
99-55-56-30,18/11/2020,19:50:15,E300108
99-55-56-30,18/11/2020,19:50:15,E300108
99-55-56-30,18/11/2020,19:50:15,E300108
99-55-56-30,18/11/2020,19:50:15,E300108
99-55-56-30,18/11/2020,19:50:17,E300108
99-55-56-30,18/11/2020,19:51:59,E300108
99-55-56-30,18/11/2020,19:52:49,E300108
99-55-56-30,18/11/2020,19:54:28,E300108
99-55-56-30,18/11/2020,19:54:28,E300108
99-55-56-30,18/11/2020,19:55:32,E300108
99-55-56-30,18/11/2020,19:55:44,E300108
99-55-56-30,18/11/2020,19:58:30,E300108
99-55-56-30,18/11/2020,19:58:37,E300108
99-55-56-30,18/11/2020,20:00:38,E300108
99-55-56-30,18/11/2020,20:00:46,E300108
99-55-56-30,18/11/2020,20:02:27,E300108
99-55-56-30,18/11/2020,20:02:27,E300108
99-55-56-30,18/11/2020,20:59:58,admin
25-83-35-42,18/11/2020,19:31:30,E300109
25-83-35-42,18/11/2020,19:31:30,E300109
25-83-35-42,18/11/2020,19:31:30,E300109
25-83-35-42,18/11/2020,19:31:30,E300109
25-83-35-42,18/11/2020,19:31:31,E300109
25-83-35-42,18/11/2020,19:37:00,E300109
25-83-35-42,18/11/2020,19:37:12,E300109
25-83-35-42,18/11/2020,19:38:19,E300109
25-83-35-42,18/11/2020,19:38:19,E300109
25-83-35-42,18/11/2020,19:40:04,E300109
25-83-35-42,18/11/2020,19:40:23,E300109
25-83-35-42,18/11/2020,19:41:38,E300109
25-83-35-42,18/11/2020,19:41:38,E300109
25-83-35-42,18/11/2020,20:59:58,admin
75-87-47-50,18/11/2020,18:36:53,E110106
75-87-47-50,18/11/2020,18:36:53,E110106
75-87-47-50,18/11/2020,18:36:53,E110106
75-87-47-50,18/11/2020,18:36:53,E110106
75-87-47-50,18/11/2020,18:36:57,E110106
75-87-47-50,18/11/2020,18:49:11,E110106
75-87-47-50,18/11/2020,18:49:11,E110106
75-87-47-50,18/11/2020,18:54:42,E110106
75-87-47-50,18/11/2020,18:54:42,E110106
75-87-47-50,18/11/2020,20:59:58,admin
89-64-98-87,18/11/2020,18:48:08,E300109
89-64-98-87,18/11/2020,18:48:08,E300109
89-64-98-87,18/11/2020,18:48:08,E300109
89-64-98-87,18/11/2020,18:48:08,E300109
89-64-98-87,18/11/2020,18:48:08,E300109
89-64-98-87,18/11/2020,18:52:16,E300109
89-64-98-87,18/11/2020,18:52:16,E300109
89-64-98-87,18/11/2020,18:53:35,E300109
89-64-98-87,18/11/2020,19:09:44,E300109
89-64-98-87,18/11/2020,19:13:04,E300109
89-64-98-87,18/11/2020,19:22:45,E300109
89-64-98-87,18/11/2020,19:26:03,E300109
89-64-98-87,18/11/2020,19:28:23,E300109
89-64-98-87,18/11/2020,19:29:25,E300109
89-64-98-87,18/11/2020,19:29:25,E300109
89-64-98-87,18/11/2020,19:30:43,E300109
89-64-98-87,18/11/2020,19:30:45,E300109
89-64-98-87,18/11/2020,19:31:03,E300109
89-64-98-87,18/11/2020,19:31:03,E300109
89-64-98-87,18/11/2020,20:59:58,admin
74-77-62-54,19/11/2020,01:36:31,E300108
74-77-62-54,19/11/2020,01:36:31,E300108
74-77-62-54,19/11/2020,01:36:31,E300108
74-77-62-54,19/11/2020,01:36:31,E300108
74-77-62-54,19/11/2020,01:36:36,E300108
74-77-62-54,19/11/2020,01:39:00,E300108
74-77-62-54,19/11/2020,01:39:47,E300108
74-77-62-54,19/11/2020,01:40:52,E300108
74-77-62-54,19/11/2020,01:40:53,E300108
74-77-62-54,19/11/2020,01:42:05,E300108
74-77-62-54,19/11/2020,01:42:05,E300108
74-77-62-54,19/11/2020,01:43:23,E300108
74-77-62-54,19/11/2020,01:43:23,E300108
74-77-62-54,19/11/2020,01:47:09,E300108
74-77-62-54,19/11/2020,01:47:09,E300108
74-77-62-54,19/11/2020,02:01:12,admin
44-13-89-72,18/11/2020,18:12:08,E300113
44-13-89-72,18/11/2020,18:12:08,E300113
44-13-89-72,18/11/2020,18:12:08,E300113
44-13-89-72,18/11/2020,18:12:08,E300113
44-13-89-72,18/11/2020,18:12:14,E300113
44-13-89-72,18/11/2020,18:14:01,E300113
44-13-89-72,18/11/2020,18:14:54,E300113
44-13-89-72,18/11/2020,18:16:33,E300113
44-13-89-72,18/11/2020,18:16:33,E300113
44-13-89-72,18/11/2020,18:16:41,E300113
44-13-89-72,18/11/2020,18:16:41,E300113
44-13-89-72,18/11/2020,18:31:08,E300113
44-13-89-72,18/11/2020,18:31:08,E300113
44-13-89-72,18/11/2020,18:31:13,E300113
44-13-89-72,18/11/2020,18:31:14,E300113
44-13-89-72,18/11/2020,18:38:12,E300113
44-13-89-72,18/11/2020,18:38:32,E300113
44-13-89-72,18/11/2020,18:39:40,E300113
44-13-89-72,18/11/2020,18:39:40,E300113
44-13-89-72,18/11/2020,18:41:22,E300113
44-13-89-72,18/11/2020,18:41:34,E300113
44-13-89-72,18/11/2020,18:44:34,E300113
44-13-89-72,18/11/2020,18:44:51,E300113
44-13-89-72,18/11/2020,18:44:53,E300113
44-13-89-72,18/11/2020,18:44:53,E300113
44-13-89-72,18/11/2020,18:45:10,E300113
44-13-89-72,18/11/2020,18:45:11,E300113
44-13-89-72,18/11/2020,18:45:14,E300113
44-13-89-72,18/11/2020,18:45:14,E300113
44-13-89-72,18/11/2020,18:45:18,E300113
44-13-89-72,18/11/2020,18:45:19,E300113
44-13-89-72,18/11/2020,18:47:08,E300113
44-13-89-72,18/11/2020,18:47:08,E300113
44-13-89-72,19/11/2020,02:01:12,admin
69-67-80-58,19/11/2020,00:51:31,E110103
69-67-80-58,19/11/2020,00:51:31,E110103
69-67-80-58,19/11/2020,00:51:31,E110103
69-67-80-58,19/11/2020,00:51:31,E110103
69-67-80-58,19/11/2020,00:51:31,E110103
69-67-80-58,19/11/2020,01:15:50,E110103
69-67-80-58,19/11/2020,01:15:50,E110103
69-67-80-58,19/11/2020,01:20:33,E110103
69-67-80-58,19/11/2020,01:20:33,E110103
69-67-80-58,19/11/2020,01:22:08,E110103
69-67-80-58,19/11/2020,01:22:08,E110103
69-67-80-58,19/11/2020,01:22:13,E110103
69-67-80-58,19/11/2020,01:22:13,E110103
69-67-80-58,19/11/2020,01:22:51,E110103
69-67-80-58,19/11/2020,01:22:51,E110103
69-67-80-58,19/11/2020,01:22:56,E110103
69-67-80-58,19/11/2020,01:22:57,E110103
69-67-80-58,19/11/2020,01:24:06,E110103
69-67-80-58,19/11/2020,01:24:06,E110103
69-67-80-58,19/11/2020,01:24:13,E110103
69-67-80-58,19/11/2020,01:24:13,E110103
69-67-80-58,19/11/2020,02:01:12,admin
89-78-23-85,18/11/2020,19:27:23,E300113
89-78-23-85,18/11/2020,19:27:23,E300113
89-78-23-85,18/11/2020,19:27:23,E300113
89-78-23-85,18/11/2020,19:27:23,E300113
89-78-23-85,18/11/2020,19:27:30,E300113
89-78-23-85,18/11/2020,19:34:35,E300113
89-78-23-85,18/11/2020,19:34:52,E300113
89-78-23-85,18/11/2020,19:37:44,E300113
89-78-23-85,18/11/2020,19:37:48,E300113
89-78-23-85,18/11/2020,19:44:18,E300113
89-78-23-85,18/11/2020,19:44:18,E300113
89-78-23-85,19/11/2020,01:27:16,E300113
89-78-23-85,19/11/2020,01:27:16,E300113
89-78-23-85,19/11/2020,01:28:54,E300113
89-78-23-85,19/11/2020,01:28:55,E300113
89-78-23-85,19/11/2020,01:29:35,E300113
89-78-23-85,19/11/2020,01:29:35,E300113
89-78-23-85,19/11/2020,02:01:12,admin
41-48-62-44,18/11/2020,23:59:15,E300108
41-48-62-44,18/11/2020,23:59:15,E300108
41-48-62-44,18/11/2020,23:59:15,E300108
41-48-62-44,18/11/2020,23:59:15,E300108
41-48-62-44,18/11/2020,23:59:16,E300108
41-48-62-44,19/11/2020,00:01:22,E300108
41-48-62-44,19/11/2020,00:01:34,E300108
41-48-62-44,19/11/2020,00:04:41,E300108
41-48-62-44,19/11/2020,00:04:50,E300108
41-48-62-44,19/11/2020,00:06:26,E300108
41-48-62-44,19/11/2020,00:06:26,E300108
41-48-62-44,19/11/2020,00:09:15,E300108
41-48-62-44,19/11/2020,00:09:15,E300108
41-48-62-44,19/11/2020,00:18:44,admin
50-50-62-56,18/11/2020,23:29:21,E110103
50-50-62-56,18/11/2020,23:29:21,E110103
50-50-62-56,18/11/2020,23:29:21,E110103
50-50-62-56,18/11/2020,23:29:21,E110103
50-50-62-56,18/11/2020,23:29:22,E110103
50-50-62-56,18/11/2020,23:34:14,E110103
50-50-62-56,18/11/2020,23:34:14,E110103
50-50-62-56,18/11/2020,23:35:17,E110103
50-50-62-56,18/11/2020,23:39:13,E110103
50-50-62-56,18/11/2020,23:54:13,E110103
50-50-62-56,19/11/2020,00:14:36,E110103
50-50-62-56,19/11/2020,00:18:10,E110103
50-50-62-56,19/11/2020,00:18:10,E110103
50-50-62-56,19/11/2020,00:22:26,E110103
50-50-62-56,19/11/2020,00:22:26,E110103
50-50-62-56,19/11/2020,00:30:49,E110103
50-50-62-56,19/11/2020,00:30:49,E110103
50-50-62-56,19/11/2020,00:39:56,E110103
50-50-62-56,19/11/2020,00:39:58,E110103
50-50-62-56,19/11/2020,00:43:30,E110103
50-50-62-56,19/11/2020,00:44:30,E110103
50-50-62-56,19/11/2020,00:50:58,E110103
50-50-62-56,19/11/2020,00:50:58,E110103
50-50-62-56,19/11/2020,01:24:42,E110103
50-50-62-56,19/11/2020,01:24:42,E110103
50-50-62-56,19/11/2020,01:26:55,E110103
50-50-62-56,19/11/2020,01:26:55,E110103
50-50-62-56,19/11/2020,01:27:01,E110103
50-50-62-56,19/11/2020,01:27:01,E110103
50-50-62-56,19/11/2020,02:01:12,admin
27-89-11-29,18/11/2020,23:43:16,E300108
27-89-11-29,18/11/2020,23:43:16,E300108
27-89-11-29,18/11/2020,23:43:16,E300108
27-89-11-29,18/11/2020,23:43:16,E300108
27-89-11-29,18/11/2020,23:43:20,E300108
27-89-11-29,18/11/2020,23:48:37,E300108
27-89-11-29,18/11/2020,23:48:47,E300108
27-89-11-29,18/11/2020,23:50:35,E300108
27-89-11-29,18/11/2020,23:50:42,E300108
27-89-11-29,18/11/2020,23:51:48,E300108
27-89-11-29,18/11/2020,23:51:48,E300108
27-89-11-29,18/11/2020,23:54:07,E300108
27-89-11-29,18/11/2020,23:54:32,E300108
27-89-11-29,18/11/2020,23:56:09,E300108
27-89-11-29,18/11/2020,23:56:09,E300108
27-89-11-29,19/11/2020,00:09:44,admin
40-42-66-97,19/11/2020,00:11:12,E300108
40-42-66-97,19/11/2020,00:11:12,E300108
40-42-66-97,19/11/2020,00:11:12,E300108
40-42-66-97,19/11/2020,00:11:12,E300108
40-42-66-97,19/11/2020,00:11:13,E300108
40-42-66-97,19/11/2020,00:15:42,E300108
40-42-66-97,19/11/2020,00:18:52,E300108
40-42-66-97,19/11/2020,00:22:50,E300108
40-42-66-97,19/11/2020,00:23:35,E300108
40-42-66-97,19/11/2020,00:24:41,E300108
40-42-66-97,19/11/2020,00:25:04,E300108
40-42-66-97,19/11/2020,00:26:29,E300108
40-42-66-97,19/11/2020,00:26:29,E300108
40-42-66-97,19/11/2020,00:26:34,E300108
40-42-66-97,19/11/2020,00:26:34,E300108
40-42-66-97,19/11/2020,00:26:37,E300108
40-42-66-97,19/11/2020,00:26:37,E300108
40-42-66-97,19/11/2020,00:26:43,E300108
40-42-66-97,19/11/2020,00:26:43,E300108
40-42-66-97,19/11/2020,00:26:47,E300108
40-42-66-97,19/11/2020,00:26:47,E300108
40-42-66-97,19/11/2020,00:45:12,admin
23-92-41-18,12/11/2020,14:33:28,E050410
23-92-41-18,12/11/2020,14:33:28,E050410
23-92-41-18,12/11/2020,14:33:28,E050410
23-92-41-18,12/11/2020,14:33:28,E050410
23-92-41-18,12/11/2020,14:33:30,E050410
23-92-41-18,12/11/2020,14:54:12,E050410
23-92-41-18,12/11/2020,15:00:23,E050410
23-92-41-18,12/11/2020,15:15:23,E050410
23-92-41-18,13/11/2020,03:08:51,E050410
23-92-41-18,13/11/2020,03:09:52,E050410
23-92-41-18,13/11/2020,03:09:58,E050410
23-92-41-18,13/11/2020,03:20:35,E050410
23-92-41-18,13/11/2020,03:20:35,E050410
23-92-41-18,13/11/2020,03:21:51,E050410
23-92-41-18,13/11/2020,03:21:56,E050410
23-92-41-18,13/11/2020,03:23:36,E050410
23-92-41-18,13/11/2020,03:23:55,E050410
23-92-41-18,13/11/2020,03:24:58,E050410
23-92-41-18,13/11/2020,03:25:43,E050410
23-92-41-18,13/11/2020,03:38:17,E050410
23-92-41-18,13/11/2020,03:38:17,E050410
23-92-41-18,13/11/2020,03:39:05,E050410
23-92-41-18,13/11/2020,03:39:05,E050410
23-92-41-18,14/11/2020,00:40:51,admin
35-86-75-68,15/11/2020,01:25:03,E270111
35-86-75-68,15/11/2020,01:25:03,E270111
35-86-75-68,15/11/2020,01:25:03,E270111
35-86-75-68,15/11/2020,01:25:03,E270111
35-86-75-68,15/11/2020,01:25:04,E270111
35-86-75-68,15/11/2020,01:26:05,E270111
35-86-75-68,15/11/2020,01:26:26,E270111
35-86-75-68,15/11/2020,01:45:48,E270111
35-86-75-68,15/11/2020,01:46:44,E270111
35-86-75-68,15/11/2020,01:50:52,E270111
35-86-75-68,15/11/2020,01:50:52,E270111
35-86-75-68,17/11/2020,05:49:26,admin
57-48-28-02,17/11/2020,20:14:18,E130101
57-48-28-02,17/11/2020,20:14:18,E130101
57-48-28-02,17/11/2020,20:14:18,E130101
57-48-28-02,17/11/2020,20:14:18,E130101
57-48-28-02,17/11/2020,20:14:18,E130101
57-48-28-02,17/11/2020,20:15:21,E130101
57-48-28-02,17/11/2020,20:15:44,E130101
57-48-28-02,17/11/2020,20:16:50,E130101
57-48-28-02,17/11/2020,20:16:50,E130101
57-48-28-02,17/11/2020,20:22:09,E130101
57-48-28-02,17/11/2020,20:22:37,E130101
57-48-28-02,17/11/2020,20:26:28,E130101
57-48-28-02,17/11/2020,20:26:33,E130101
57-48-28-02,17/11/2020,20:36:44,E130101
57-48-28-02,17/11/2020,20:36:44,E130101
57-48-28-02,17/11/2020,20:38:36,E130101
57-48-28-02,17/11/2020,20:38:36,E130101
57-48-28-02,17/11/2020,20:39:56,E130101
57-48-28-02,17/11/2020,20:39:56,E130101
57-48-28-02,17/11/2020,20:43:07,E130101
57-48-28-02,17/11/2020,20:43:09,E130101
57-48-28-02,17/11/2020,20:43:56,E130101
57-48-28-02,17/11/2020,20:43:56,E130101
57-48-28-02,17/11/2020,20:45:48,admin
53-72-32-99,17/11/2020,20:56:01,E130101
53-72-32-99,17/11/2020,20:56:01,E130101
53-72-32-99,17/11/2020,20:56:01,E130101
53-72-32-99,17/11/2020,20:56:01,E130101
53-72-32-99,17/11/2020,20:56:02,E130101
53-72-32-99,17/11/2020,21:02:01,E130101
53-72-32-99,17/11/2020,21:02:36,E130101
53-72-32-99,17/11/2020,21:04:00,E130101
53-72-32-99,17/11/2020,21:04:40,E130101
53-72-32-99,17/11/2020,21:10:22,E130101
53-72-32-99,17/11/2020,21:10:22,E130101
53-72-32-99,17/11/2020,21:14:16,admin
68-69-25-15,18/11/2020,00:30:52,E130101
68-69-25-15,18/11/2020,00:30:52,E130101
68-69-25-15,18/11/2020,00:30:52,E130101
68-69-25-15,18/11/2020,00:30:52,E130101
68-69-25-15,18/11/2020,00:30:53,E130101
68-69-25-15,18/11/2020,00:44:20,E130101
68-69-25-15,18/11/2020,00:44:20,E130101
68-69-25-15,18/11/2020,07:15:45,admin
06-17-29-37,11/11/2020,17:50:41,E050410
06-17-29-37,11/11/2020,17:50:41,E050410
06-17-29-37,11/11/2020,17:50:41,E050410
06-17-29-37,11/11/2020,17:50:41,E050410
06-17-29-37,11/11/2020,17:50:43,E050410
06-17-29-37,11/11/2020,18:08:47,E050410
06-17-29-37,11/11/2020,18:09:53,E050410
06-17-29-37,11/11/2020,18:11:47,E050410
06-17-29-37,11/11/2020,18:13:43,E050410
06-17-29-37,11/11/2020,18:15:17,E050410
06-17-29-37,11/11/2020,18:15:30,E050410
06-17-29-37,11/11/2020,18:19:52,E050410
06-17-29-37,11/11/2020,18:22:23,E050410
06-17-29-37,11/11/2020,18:23:48,E050410
06-17-29-37,11/11/2020,18:32:46,E050410
06-17-29-37,11/11/2020,18:34:36,E050410
06-17-29-37,11/11/2020,18:40:53,E050410
06-17-29-37,11/11/2020,18:42:03,E050410
06-17-29-37,11/11/2020,18:42:16,E050410
06-17-29-37,11/11/2020,18:46:37,E050410
06-17-29-37,11/11/2020,18:46:37,E050410
06-17-29-37,14/11/2020,00:41:00,admin
51-32-34-93,12/11/2020,22:14:12,E190306
51-32-34-93,12/11/2020,22:14:12,E190306
51-32-34-93,12/11/2020,22:14:12,E190306
51-32-34-93,12/11/2020,22:14:12,E190306
51-32-34-93,12/11/2020,22:14:12,E190306
51-32-34-93,12/11/2020,22:14:53,E190306
51-32-34-93,12/11/2020,22:14:53,E190306
51-32-34-93,12/11/2020,22:15:01,E190306
51-32-34-93,12/11/2020,22:15:02,E190306
51-32-34-93,12/11/2020,22:16:27,E190306
51-32-34-93,12/11/2020,22:16:27,E190306
51-32-34-93,12/11/2020,22:17:55,E190306
51-32-34-93,12/11/2020,22:17:55,E190306
51-32-34-93,12/11/2020,22:19:22,E190306
51-32-34-93,12/11/2020,22:19:22,E190306
51-32-34-93,12/11/2020,22:26:27,E190306
51-32-34-93,12/11/2020,22:26:27,E190306
51-32-34-93,12/11/2020,22:26:59,E190306
51-32-34-93,12/11/2020,22:26:59,E190306
51-32-34-93,12/11/2020,22:29:30,E190306
51-32-34-93,12/11/2020,22:29:30,E190306
51-32-34-93,12/11/2020,22:30:32,E190306
51-32-34-93,12/11/2020,22:30:33,E190306
51-32-34-93,12/11/2020,22:32:02,E190306
51-32-34-93,12/11/2020,22:32:02,E190306
51-32-34-93,17/11/2020,22:35:46,E190306
51-32-34-93,17/11/2020,22:35:46,E190306
51-32-34-93,17/11/2020,22:36:16,E190306
51-32-34-93,17/11/2020,22:36:16,E190306
51-32-34-93,18/11/2020,07:15:45,admin
80-41-28-44,06/11/2020,19:14:10,E270106
80-41-28-44,06/11/2020,19:14:10,E270106
80-41-28-44,06/11/2020,19:14:10,E270106
80-41-28-44,06/11/2020,19:14:10,E270106
80-41-28-44,06/11/2020,19:14:10,E270106
80-41-28-44,06/11/2020,19:21:34,E270106
80-41-28-44,06/11/2020,19:21:44,E270106
80-41-28-44,06/11/2020,19:23:48,E270106
80-41-28-44,06/11/2020,19:23:48,E270106
80-41-28-44,14/11/2020,00:41:00,admin
45-17-13-36,11/11/2020,19:57:58,E050401
45-17-13-36,11/11/2020,19:57:58,E050401
45-17-13-36,11/11/2020,19:57:58,E050401
45-17-13-36,11/11/2020,19:57:58,E050401
45-17-13-36,11/11/2020,19:58:00,E050401
45-17-13-36,11/11/2020,20:16:31,E050401
45-17-13-36,11/11/2020,20:16:31,E050401
45-17-13-36,14/11/2020,00:41:00,admin
26-27-69-71,06/11/2020,18:46:25,E270106
26-27-69-71,06/11/2020,18:46:25,E270106
26-27-69-71,06/11/2020,18:46:25,E270106
26-27-69-71,06/11/2020,18:46:25,E270106
26-27-69-71,06/11/2020,18:46:26,E270106
26-27-69-71,06/11/2020,18:49:30,E270106
26-27-69-71,06/11/2020,18:50:33,E270106
26-27-69-71,06/11/2020,18:53:38,E270106
26-27-69-71,06/11/2020,18:53:38,E270106
26-27-69-71,06/11/2020,18:53:44,E270106
26-27-69-71,06/11/2020,18:53:45,E270106
26-27-69-71,06/11/2020,19:04:22,E270106
26-27-69-71,06/11/2020,19:04:24,E270106
26-27-69-71,06/11/2020,19:07:10,E270106
26-27-69-71,06/11/2020,19:07:10,E270106
26-27-69-71,14/11/2020,00:41:00,admin
13-89-27-16,06/11/2020,02:44:09,E270110
13-89-27-16,06/11/2020,02:44:09,E270110
13-89-27-16,06/11/2020,02:44:09,E270110
13-89-27-16,06/11/2020,02:44:09,E270110
13-89-27-16,06/11/2020,02:44:15,E270110
13-89-27-16,06/11/2020,03:07:48,E270110
13-89-27-16,06/11/2020,03:07:50,E270110
13-89-27-16,06/11/2020,03:11:33,E270110
13-89-27-16,06/11/2020,03:11:33,E270110
13-89-27-16,14/11/2020,00:40:59,admin
85-74-26-32,06/11/2020,17:49:31,E270110
85-74-26-32,06/11/2020,17:49:31,E270110
85-74-26-32,06/11/2020,17:49:31,E270110
85-74-26-32,06/11/2020,17:49:31,E270110
85-74-26-32,06/11/2020,17:49:32,E270110
85-74-26-32,06/11/2020,18:06:51,E270110
85-74-26-32,06/11/2020,18:06:51,E270110
85-74-26-32,14/11/2020,00:41:00,admin
42-39-38-14,07/11/2020,19:11:39,E270106
42-39-38-14,07/11/2020,19:11:39,E270106
42-39-38-14,07/11/2020,19:11:39,E270106
42-39-38-14,07/11/2020,19:11:39,E270106
42-39-38-14,07/11/2020,19:11:42,E270106
42-39-38-14,07/11/2020,19:17:16,E270106
42-39-38-14,07/11/2020,19:17:27,E270106
42-39-38-14,07/11/2020,19:18:48,E270106
42-39-38-14,07/11/2020,19:18:48,E270106
42-39-38-14,14/11/2020,00:41:00,admin
91-07-49-75,06/11/2020,18:54:25,E270110
91-07-49-75,06/11/2020,18:54:25,E270110
91-07-49-75,06/11/2020,18:54:25,E270110
91-07-49-75,06/11/2020,18:54:25,E270110
91-07-49-75,06/11/2020,18:54:26,E270110
91-07-49-75,06/11/2020,19:01:35,E270110
91-07-49-75,06/11/2020,19:01:45,E270110
91-07-49-75,06/11/2020,19:04:59,E270110
91-07-49-75,06/11/2020,19:04:59,E270110
91-07-49-75,14/11/2020,00:41:00,admin
37-88-95-07,06/11/2020,18:24:10,E270110
37-88-95-07,06/11/2020,18:24:10,E270110
37-88-95-07,06/11/2020,18:24:10,E270110
37-88-95-07,06/11/2020,18:24:10,E270110
37-88-95-07,06/11/2020,18:24:10,E270110
37-88-95-07,06/11/2020,18:27:50,E270110
37-88-95-07,06/11/2020,18:28:04,E270110
37-88-95-07,06/11/2020,18:43:23,E270110
37-88-95-07,06/11/2020,18:43:23,E270110
37-88-95-07,14/11/2020,00:41:00,admin
30-09-45-07,06/11/2020,17:12:21,E270110
30-09-45-07,06/11/2020,17:12:21,E270110
30-09-45-07,06/11/2020,17:12:21,E270110
30-09-45-07,06/11/2020,17:12:21,E270110
30-09-45-07,06/11/2020,17:12:26,E270110
30-09-45-07,06/11/2020,17:15:27,E270110
30-09-45-07,06/11/2020,17:18:07,E270110
30-09-45-07,06/11/2020,17:19:30,E270110
30-09-45-07,06/11/2020,17:19:30,E270110
30-09-45-07,06/11/2020,17:23:26,E270110
30-09-45-07,06/11/2020,17:23:27,E270110
30-09-45-07,06/11/2020,17:36:14,E270110
30-09-45-07,06/11/2020,17:36:16,E270110
30-09-45-07,06/11/2020,17:38:19,E270110
30-09-45-07,06/11/2020,17:38:19,E270110
30-09-45-07,06/11/2020,17:41:00,E270110
30-09-45-07,06/11/2020,17:41:00,E270110
30-09-45-07,06/11/2020,17:49:25,E270110
30-09-45-07,06/11/2020,17:49:25,E270110
30-09-45-07,14/11/2020,00:41:00,admin
33-13-84-98,18/11/2020,14:00:46,E130101
33-13-84-98,18/11/2020,14:00:46,E130101
33-13-84-98,18/11/2020,14:00:46,E130101
33-13-84-98,18/11/2020,14:00:46,E130101
33-13-84-98,18/11/2020,14:00:47,E130101
33-13-84-98,18/11/2020,14:09:39,E130101
33-13-84-98,18/11/2020,14:09:39,E130101
33-13-84-98,18/11/2020,18:14:31,admin
47-57-77-73,09/11/2020,16:54:08,E070605
47-57-77-73,09/11/2020,16:54:08,E070605
47-57-77-73,09/11/2020,16:54:08,E070605
47-57-77-73,09/11/2020,16:54:08,E070605
47-57-77-73,09/11/2020,16:54:08,E070605
47-57-77-73,09/11/2020,16:55:37,E070605
47-57-77-73,09/11/2020,16:55:37,E070605
47-57-77-73,09/11/2020,16:56:43,E070605
47-57-77-73,09/11/2020,16:56:43,E070605
47-57-77-73,09/11/2020,16:58:28,E070605
47-57-77-73,09/11/2020,16:58:28,E070605
47-57-77-73,09/11/2020,16:59:40,E070605
47-57-77-73,09/11/2020,16:59:40,E070605
47-57-77-73,14/11/2020,00:41:00,admin
33-63-61-93,10/11/2020,14:13:48,E270109
33-63-61-93,10/11/2020,14:13:48,E270109
33-63-61-93,10/11/2020,14:13:48,E270109
33-63-61-93,10/11/2020,14:13:48,E270109
33-63-61-93,10/11/2020,14:13:53,E270109
33-63-61-93,10/11/2020,14:21:12,E270109
33-63-61-93,10/11/2020,14:21:12,E270109
33-63-61-93,14/11/2020,00:41:00,admin
57-16-47-40,07/11/2020,17:52:10,E270106
57-16-47-40,07/11/2020,17:52:10,E270106
57-16-47-40,07/11/2020,17:52:10,E270106
57-16-47-40,07/11/2020,17:52:10,E270106
57-16-47-40,07/11/2020,17:52:13,E270106
57-16-47-40,07/11/2020,17:53:20,E270106
57-16-47-40,07/11/2020,17:53:41,E270106
57-16-47-40,07/11/2020,18:03:10,E270106
57-16-47-40,07/11/2020,18:03:10,E270106
57-16-47-40,14/11/2020,00:41:00,admin
25-93-30-37,18/11/2020,14:10:34,E130101
25-93-30-37,18/11/2020,14:10:34,E130101
25-93-30-37,18/11/2020,14:10:34,E130101
25-93-30-37,18/11/2020,14:10:34,E130101
25-93-30-37,18/11/2020,14:10:36,E130101
25-93-30-37,18/11/2020,14:14:10,E130101
25-93-30-37,18/11/2020,14:15:00,E130101
25-93-30-37,18/11/2020,14:19:28,E130101
25-93-30-37,18/11/2020,14:19:29,E130101
25-93-30-37,18/11/2020,14:20:43,E130101
25-93-30-37,18/11/2020,14:20:43,E130101
25-93-30-37,18/11/2020,18:14:31,admin
87-91-86-67,18/11/2020,13:46:10,E130101
87-91-86-67,18/11/2020,13:46:10,E130101
87-91-86-67,18/11/2020,13:46:10,E130101
87-91-86-67,18/11/2020,13:46:10,E130101
87-91-86-67,18/11/2020,13:46:11,E130101
87-91-86-67,18/11/2020,13:51:34,E130101
87-91-86-67,18/11/2020,13:51:38,E130101
87-91-86-67,18/11/2020,13:55:45,E130101
87-91-86-67,18/11/2020,13:55:45,E130101
87-91-86-67,18/11/2020,13:57:21,E130101
87-91-86-67,18/11/2020,13:57:21,E130101
87-91-86-67,18/11/2020,13:59:13,E130101
87-91-86-67,18/11/2020,13:59:13,E130101
87-91-86-67,18/11/2020,18:14:31,admin
20-73-96-65,18/11/2020,14:21:09,E130101
20-73-96-65,18/11/2020,14:21:09,E130101
20-73-96-65,18/11/2020,14:21:09,E130101
20-73-96-65,18/11/2020,14:21:09,E130101
20-73-96-65,18/11/2020,14:21:09,E130101
20-73-96-65,18/11/2020,14:30:37,E130101
20-73-96-65,18/11/2020,14:30:37,E130101
20-73-96-65,18/11/2020,18:14:31,admin
27-78-39-26,18/11/2020,23:01:05,E280107
27-78-39-26,18/11/2020,23:01:05,E280107
27-78-39-26,18/11/2020,23:01:05,E280107
27-78-39-26,18/11/2020,23:01:05,E280107
27-78-39-26,18/11/2020,23:01:08,E280107
27-78-39-26,18/11/2020,23:13:47,E280107
27-78-39-26,18/11/2020,23:13:47,E280107
27-78-39-26,18/11/2020,23:20:22,admin
85-53-81-14,13/11/2020,15:45:56,E270106
85-53-81-14,13/11/2020,15:45:56,E270106
85-53-81-14,13/11/2020,15:45:56,E270106
85-53-81-14,13/11/2020,15:45:56,E270106
85-53-81-14,13/11/2020,15:46:03,E270106
85-53-81-14,13/11/2020,15:47:40,E270106
85-53-81-14,13/11/2020,15:47:40,E270106
85-53-81-14,13/11/2020,15:55:05,E270106
85-53-81-14,13/11/2020,15:55:05,E270106
85-53-81-14,18/11/2020,23:20:22,admin
75-86-38-58,18/11/2020,15:22:09,E130101
75-86-38-58,18/11/2020,15:22:09,E130101
75-86-38-58,18/11/2020,15:22:09,E130101
75-86-38-58,18/11/2020,15:22:09,E130101
75-86-38-58,18/11/2020,15:22:09,E130101
75-86-38-58,18/11/2020,15:30:10,E130101
75-86-38-58,18/11/2020,15:30:10,E130101
75-86-38-58,18/11/2020,18:14:31,admin
09-04-20-10,19/11/2020,01:13:54,E280107
09-04-20-10,19/11/2020,01:13:54,E280107
09-04-20-10,19/11/2020,01:13:54,E280107
09-04-20-10,19/11/2020,01:13:54,E280107
09-04-20-10,19/11/2020,01:13:58,E280107
09-04-20-10,19/11/2020,01:29:19,E280107
09-04-20-10,19/11/2020,01:29:19,E280107
09-04-20-10,19/11/2020,02:01:38,admin
76-95-79-40,07/11/2020,22:49:16,E320106
76-95-79-40,07/11/2020,22:49:16,E320106
76-95-79-40,07/11/2020,22:49:16,E320106
76-95-79-40,07/11/2020,22:49:16,E320106
76-95-79-40,07/11/2020,22:49:19,E320106
76-95-79-40,07/11/2020,22:50:28,E320106
76-95-79-40,07/11/2020,22:50:30,E320106
76-95-79-40,07/11/2020,22:51:37,E320106
76-95-79-40,07/11/2020,22:51:46,E320106
76-95-79-40,07/11/2020,22:53:32,E320106
76-95-79-40,07/11/2020,22:54:56,E320106
76-95-79-40,07/11/2020,22:56:04,E320106
76-95-79-40,07/11/2020,22:56:04,E320106
76-95-79-40,07/11/2020,23:00:22,E320106
76-95-79-40,07/11/2020,23:12:19,E320106
76-95-79-40,07/11/2020,23:14:39,E320106
76-95-79-40,07/11/2020,23:14:39,E320106
76-95-79-40,07/11/2020,23:20:35,E320106
76-95-79-40,10/11/2020,20:38:18,E320106
76-95-79-40,10/11/2020,20:53:18,E320106
76-95-79-40,13/11/2020,18:34:40,E320106
76-95-79-40,13/11/2020,18:36:28,E320106
76-95-79-40,18/11/2020,16:34:01,E320106
76-95-79-40,18/11/2020,16:37:15,E320106
76-95-79-40,18/11/2020,16:37:15,E320106
76-95-79-40,18/11/2020,16:47:50,E320106
76-95-79-40,18/11/2020,16:47:51,E320106
76-95-79-40,18/11/2020,16:49:35,E320106
76-95-79-40,18/11/2020,16:49:35,E320106
76-95-79-40,18/11/2020,23:20:22,admin
91-45-14-94,01/12/2020,19:15:24,E010120
91-45-14-94,01/12/2020,19:15:24,E010120
91-45-14-94,01/12/2020,19:15:24,E010120
91-45-14-94,01/12/2020,19:15:24,E010120
91-45-14-94,01/12/2020,19:15:29,E010120
91-45-14-94,01/12/2020,19:29:07,E010120
91-45-14-94,01/12/2020,19:29:07,E010120
91-45-14-94,03/12/2020,18:48:53,admin
29-63-55-12,01/12/2020,19:11:07,E010103
29-63-55-12,01/12/2020,19:11:07,E010103
29-63-55-12,01/12/2020,19:11:07,E010103
29-63-55-12,01/12/2020,19:11:07,E010103
29-63-55-12,01/12/2020,19:11:07,E010103
29-63-55-12,01/12/2020,19:14:01,E010103
29-63-55-12,01/12/2020,19:14:01,E010103
29-63-55-12,01/12/2020,19:14:53,E010103
29-63-55-12,01/12/2020,19:14:53,E010103
29-63-55-12,01/12/2020,19:26:20,E010103
29-63-55-12,01/12/2020,19:26:20,E010103
29-63-55-12,03/12/2020,18:49:22,admin
05-35-79-42,01/12/2020,18:15:33,E010103
05-35-79-42,01/12/2020,18:15:33,E010103
05-35-79-42,01/12/2020,18:15:33,E010103
05-35-79-42,01/12/2020,18:15:33,E010103
05-35-79-42,01/12/2020,18:15:34,E010103
05-35-79-42,01/12/2020,18:19:06,E010103
05-35-79-42,01/12/2020,18:19:06,E010103
05-35-79-42,01/12/2020,18:19:35,E010103
05-35-79-42,01/12/2020,18:19:35,E010103
05-35-79-42,01/12/2020,18:44:46,E010103
05-35-79-42,01/12/2020,18:44:46,E010103
05-35-79-42,01/12/2020,19:14:09,E010103
05-35-79-42,01/12/2020,19:14:09,E010103
05-35-79-42,01/12/2020,19:14:28,E010103
05-35-79-42,01/12/2020,19:14:28,E010103
05-35-79-42,03/12/2020,18:49:51,admin
40-17-46-02,01/12/2020,18:45:05,E010103
40-17-46-02,01/12/2020,18:45:05,E010103
40-17-46-02,01/12/2020,18:45:05,E010103
40-17-46-02,01/12/2020,18:45:05,E010103
40-17-46-02,01/12/2020,18:45:06,E010103
40-17-46-02,01/12/2020,19:10:37,E010103
40-17-46-02,01/12/2020,19:10:37,E010103
40-17-46-02,03/12/2020,21:01:33,admin
55-66-52-68,30/11/2020,22:38:37,E010103
55-66-52-68,30/11/2020,22:38:37,E010103
55-66-52-68,30/11/2020,22:38:37,E010103
55-66-52-68,30/11/2020,22:38:37,E010103
55-66-52-68,30/11/2020,22:38:40,E010103
55-66-52-68,30/11/2020,22:54:44,E010103
55-66-52-68,30/11/2020,22:54:44,E010103
55-66-52-68,30/11/2020,22:55:20,E010103
55-66-52-68,30/11/2020,22:55:22,E010103
55-66-52-68,30/11/2020,23:19:05,E010103
55-66-52-68,30/11/2020,23:19:05,E010103
55-66-52-68,03/12/2020,21:01:44,admin
42-91-11-67,01/12/2020,17:20:27,E010108
42-91-11-67,01/12/2020,17:20:27,E010108
42-91-11-67,01/12/2020,17:20:27,E010108
42-91-11-67,01/12/2020,17:20:27,E010108
42-91-11-67,01/12/2020,17:20:30,E010108
42-91-11-67,01/12/2020,17:28:00,E010108
42-91-11-67,01/12/2020,17:28:45,E010108
42-91-11-67,01/12/2020,17:33:12,E010108
42-91-11-67,01/12/2020,17:33:12,E010108
42-91-11-67,01/12/2020,17:36:16,E010108
42-91-11-67,01/12/2020,17:37:44,E010108
42-91-11-67,01/12/2020,17:39:23,E010108
42-91-11-67,01/12/2020,17:39:23,E010108
42-91-11-67,01/12/2020,17:44:56,E010108
42-91-11-67,01/12/2020,17:44:56,E010108
42-91-11-67,03/12/2020,21:09:44,admin
72-55-33-89,30/11/2020,20:05:36,E010109
72-55-33-89,30/11/2020,20:05:36,E010109
72-55-33-89,30/11/2020,20:05:36,E010109
72-55-33-89,30/11/2020,20:05:36,E010109
72-55-33-89,30/11/2020,20:05:36,E010109
72-55-33-89,30/11/2020,20:37:45,E010109
72-55-33-89,30/11/2020,20:37:45,E010109
72-55-33-89,30/11/2020,20:38:00,E010109
72-55-33-89,30/11/2020,20:38:01,E010109
72-55-33-89,30/11/2020,20:53:01,E010109
72-55-33-89,30/11/2020,21:51:00,E010109
72-55-33-89,30/11/2020,21:51:08,E010109
72-55-33-89,30/11/2020,21:51:08,E010109
72-55-33-89,30/11/2020,22:40:18,admin
28-50-46-54,30/11/2020,20:42:04,E010109
28-50-46-54,30/11/2020,20:42:04,E010109
28-50-46-54,30/11/2020,20:42:04,E010109
28-50-46-54,30/11/2020,20:42:04,E010109
28-50-46-54,30/11/2020,20:42:06,E010109
28-50-46-54,30/11/2020,20:57:57,E010109
28-50-46-54,30/11/2020,20:57:57,E010109
28-50-46-54,30/11/2020,22:41:05,admin
70-70-31-01,30/11/2020,21:30:40,E010109
70-70-31-01,30/11/2020,21:30:40,E010109
70-70-31-01,30/11/2020,21:30:40,E010109
70-70-31-01,30/11/2020,21:30:40,E010109
70-70-31-01,30/11/2020,21:30:40,E010109
70-70-31-01,30/11/2020,21:39:23,E010109
70-70-31-01,30/11/2020,21:39:23,E010109
70-70-31-01,30/11/2020,22:40:49,admin
43-53-10-38,30/11/2020,20:59:41,E010109
43-53-10-38,30/11/2020,20:59:41,E010109
43-53-10-38,30/11/2020,20:59:41,E010109
43-53-10-38,30/11/2020,20:59:41,E010109
43-53-10-38,30/11/2020,20:59:42,E010109
43-53-10-38,30/11/2020,21:21:11,E010109
43-53-10-38,30/11/2020,21:21:11,E010109
43-53-10-38,30/11/2020,21:40:06,E010109
43-53-10-38,30/11/2020,21:40:06,E010109
43-53-10-38,30/11/2020,21:41:07,E010109
43-53-10-38,30/11/2020,21:41:07,E010109
43-53-10-38,30/11/2020,22:40:34,admin
41-41-56-65,30/11/2020,21:21:38,E010109
41-41-56-65,30/11/2020,21:21:38,E010109
41-41-56-65,30/11/2020,21:21:38,E010109
41-41-56-65,30/11/2020,21:21:38,E010109
41-41-56-65,30/11/2020,21:21:39,E010109
41-41-56-65,30/11/2020,21:30:18,E010109
41-41-56-65,30/11/2020,21:30:18,E010109
41-41-56-65,30/11/2020,22:41:38,admin
09-70-90-32,02/12/2020,17:06:59,E010101
09-70-90-32,02/12/2020,17:06:59,E010101
09-70-90-32,02/12/2020,17:06:59,E010101
09-70-90-32,02/12/2020,17:06:59,E010101
09-70-90-32,02/12/2020,17:06:59,E010101
09-70-90-32,02/12/2020,17:31:30,E010101
09-70-90-32,02/12/2020,17:31:30,E010101
09-70-90-32,03/12/2020,21:00:40,admin
16-98-04-24,03/12/2020,18:47:43,E010101
16-98-04-24,03/12/2020,18:47:43,E010101
16-98-04-24,03/12/2020,18:47:43,E010101
16-98-04-24,03/12/2020,18:47:43,E010101
16-98-04-24,03/12/2020,18:47:44,E010101
16-98-04-24,03/12/2020,19:28:15,E010101
16-98-04-24,03/12/2020,19:28:15,E010101
16-98-04-24,03/12/2020,20:59:19,admin
79-67-32-20,02/12/2020,16:36:45,E010101
79-67-32-20,02/12/2020,16:36:45,E010101
79-67-32-20,02/12/2020,16:36:45,E010101
79-67-32-20,02/12/2020,16:36:45,E010101
79-67-32-20,02/12/2020,16:36:47,E010101
79-67-32-20,02/12/2020,17:06:13,E010101
79-67-32-20,02/12/2020,17:06:13,E010101
79-67-32-20,03/12/2020,21:00:47,admin
27-62-48-05,01/12/2020,16:24:12,E010101
27-62-48-05,01/12/2020,16:24:12,E010101
27-62-48-05,01/12/2020,16:24:12,E010101
27-62-48-05,01/12/2020,16:24:12,E010101
27-62-48-05,01/12/2020,16:24:16,E010101
27-62-48-05,01/12/2020,16:26:37,E010101
27-62-48-05,03/12/2020,18:14:25,E010101
27-62-48-05,03/12/2020,18:14:53,E010101
27-62-48-05,03/12/2020,18:14:53,E010101
27-62-48-05,03/12/2020,20:59:25,admin
08-76-82-82,02/12/2020,15:49:03,E010101
08-76-82-82,02/12/2020,15:49:03,E010101
08-76-82-82,02/12/2020,15:49:03,E010101
08-76-82-82,02/12/2020,15:49:03,E010101
08-76-82-82,02/12/2020,15:49:04,E010101
08-76-82-82,02/12/2020,16:25:00,E010101
08-76-82-82,02/12/2020,16:25:00,E010101
08-76-82-82,03/12/2020,21:00:57,admin
09-77-80-56,05/12/2020,02:06:37,E010101
09-77-80-56,05/12/2020,02:06:37,E010101
09-77-80-56,05/12/2020,02:06:37,E010101
09-77-80-56,05/12/2020,02:06:37,E010101
09-77-80-56,05/12/2020,02:06:41,E010101
09-77-80-56,05/12/2020,02:08:44,E010101
09-77-80-56,05/12/2020,02:08:44,E010101
09-77-80-56,05/12/2020,02:21:43,E010101
09-77-80-56,05/12/2020,02:22:54,E010101
09-77-80-56,05/12/2020,02:43:10,E010101
09-77-80-56,05/12/2020,02:44:45,E010101
09-77-80-56,05/12/2020,02:47:54,E010101
09-77-80-56,05/12/2020,02:47:54,E010101
09-77-80-56,16/12/2020,19:12:22,admin
31-59-95-66,02/12/2020,15:14:25,E010101
31-59-95-66,02/12/2020,15:14:25,E010101
31-59-95-66,02/12/2020,15:14:25,E010101
31-59-95-66,02/12/2020,15:14:25,E010101
31-59-95-66,02/12/2020,15:14:29,E010101
31-59-95-66,02/12/2020,15:48:15,E010101
31-59-95-66,02/12/2020,15:48:15,E010101
31-59-95-66,03/12/2020,21:01:15,admin
15-86-84-38,30/11/2020,20:41:00,E050106
15-86-84-38,30/11/2020,20:41:00,E050106
15-86-84-38,30/11/2020,20:41:00,E050106
15-86-84-38,30/11/2020,20:41:00,E050106
15-86-84-38,30/11/2020,20:41:03,E050106
15-86-84-38,30/11/2020,20:44:07,E050106
15-86-84-38,30/11/2020,20:45:05,E050106
15-86-84-38,30/11/2020,20:48:08,E050106
15-86-84-38,30/11/2020,20:48:08,E050106
15-86-84-38,30/11/2020,20:49:17,E050106
15-86-84-38,30/11/2020,20:49:17,E050106
15-86-84-38,30/11/2020,20:52:18,E050106
15-86-84-38,30/11/2020,20:52:24,E050106
15-86-84-38,30/11/2020,20:55:17,E050106
15-86-84-38,30/11/2020,21:06:42,E050106
15-86-84-38,30/11/2020,21:21:42,E050106
15-86-84-38,30/11/2020,21:32:25,E050106
15-86-84-38,30/11/2020,21:33:40,E050106
15-86-84-38,30/11/2020,21:33:40,E050106
15-86-84-38,30/11/2020,22:06:26,E050106
15-86-84-38,30/11/2020,22:06:34,E050106
15-86-84-38,30/11/2020,22:27:34,E050106
15-86-84-38,30/11/2020,22:27:40,E050106
15-86-84-38,30/11/2020,22:28:50,E050106
15-86-84-38,30/11/2020,22:28:50,E050106
15-86-84-38,01/12/2020,19:22:34,E050106
15-86-84-38,01/12/2020,19:22:34,E050106
15-86-84-38,01/12/2020,19:23:21,E050106
15-86-84-38,01/12/2020,19:23:21,E050106
15-86-84-38,03/12/2020,21:04:16,admin
09-39-85-34,08/12/2020,16:59:47,E050106
09-39-85-34,08/12/2020,16:59:47,E050106
09-39-85-34,08/12/2020,16:59:47,E050106
09-39-85-34,08/12/2020,16:59:47,E050106
09-39-85-34,08/12/2020,16:59:50,E050106
09-39-85-34,08/12/2020,17:00:39,E050106
09-39-85-34,08/12/2020,17:00:39,E050106
09-39-85-34,08/12/2020,17:00:50,E050106
09-39-85-34,08/12/2020,17:00:50,E050106
09-39-85-34,08/12/2020,17:07:30,E050106
09-39-85-34,08/12/2020,17:07:42,E050106
09-39-85-34,08/12/2020,17:10:11,E050106
09-39-85-34,08/12/2020,17:11:10,E050106
09-39-85-34,08/12/2020,17:13:21,E050106
09-39-85-34,08/12/2020,17:14:26,E050106
09-39-85-34,08/12/2020,17:16:09,E050106
09-39-85-34,08/12/2020,17:16:27,E050106
09-39-85-34,08/12/2020,17:17:27,E050106
09-39-85-34,08/12/2020,17:17:46,E050106
09-39-85-34,08/12/2020,17:24:07,E050106
09-39-85-34,08/12/2020,17:24:23,E050106
09-39-85-34,08/12/2020,17:25:34,E050106
09-39-85-34,08/12/2020,17:25:40,E050106
09-39-85-34,08/12/2020,17:41:11,E050106
09-39-85-34,08/12/2020,17:41:12,E050106
09-39-85-34,08/12/2020,17:41:54,E050106
09-39-85-34,08/12/2020,17:41:54,E050106
09-39-85-34,09/12/2020,20:53:02,E050106
09-39-85-34,09/12/2020,20:53:03,E050106
09-39-85-34,09/12/2020,20:53:36,E050106
09-39-85-34,09/12/2020,20:53:36,E050106
09-39-85-34,16/12/2020,19:12:22,admin
51-69-57-33,05/12/2020,17:49:36,E010101
51-69-57-33,05/12/2020,17:49:36,E010101
51-69-57-33,05/12/2020,17:49:36,E010101
51-69-57-33,05/12/2020,17:49:36,E010101
51-69-57-33,05/12/2020,17:49:37,E010101
51-69-57-33,05/12/2020,18:03:11,E010101
51-69-57-33,05/12/2020,18:03:11,E010101
51-69-57-33,16/12/2020,19:12:22,admin
17-31-25-13,01/12/2020,18:19:52,E050106
17-31-25-13,01/12/2020,18:19:52,E050106
17-31-25-13,01/12/2020,18:19:52,E050106
17-31-25-13,01/12/2020,18:19:52,E050106
17-31-25-13,01/12/2020,18:19:58,E050106
17-31-25-13,01/12/2020,18:21:23,E050106
17-31-25-13,01/12/2020,18:21:25,E050106
17-31-25-13,01/12/2020,18:23:38,E050106
17-31-25-13,01/12/2020,18:24:59,E050106
17-31-25-13,01/12/2020,18:45:07,E050106
17-31-25-13,01/12/2020,18:45:15,E050106
17-31-25-13,01/12/2020,18:52:01,E050106
17-31-25-13,01/12/2020,18:52:10,E050106
17-31-25-13,01/12/2020,18:57:35,E050106
17-31-25-13,01/12/2020,18:58:03,E050106
17-31-25-13,01/12/2020,19:05:18,E050106
17-31-25-13,01/12/2020,19:05:31,E050106
17-31-25-13,01/12/2020,19:09:52,E050106
17-31-25-13,01/12/2020,19:10:03,E050106
17-31-25-13,01/12/2020,19:19:26,E050106
17-31-25-13,01/12/2020,19:19:26,E050106
17-31-25-13,01/12/2020,19:19:46,E050106
17-31-25-13,01/12/2020,19:19:46,E050106
17-31-25-13,01/12/2020,19:22:24,E050106
17-31-25-13,01/12/2020,19:22:24,E050106
17-31-25-13,01/12/2020,19:23:24,E050106
17-31-25-13,01/12/2020,19:23:25,E050106
17-31-25-13,01/12/2020,19:23:51,E050106
17-31-25-13,01/12/2020,19:23:51,E050106
17-31-25-13,03/12/2020,21:03:52,admin
73-58-37-78,05/12/2020,17:11:48,E010101
73-58-37-78,05/12/2020,17:11:48,E010101
73-58-37-78,05/12/2020,17:11:48,E010101
73-58-37-78,05/12/2020,17:11:48,E010101
73-58-37-78,05/12/2020,17:11:52,E010101
73-58-37-78,05/12/2020,17:44:22,E010101
73-58-37-78,05/12/2020,17:44:22,E010101
73-58-37-78,16/12/2020,19:12:22,admin
51-30-77-57,08/12/2020,14:17:23,E090301
51-30-77-57,08/12/2020,14:17:23,E090301
51-30-77-57,08/12/2020,14:17:23,E090301
51-30-77-57,08/12/2020,14:17:23,E090301
51-30-77-57,08/12/2020,14:17:25,E090301
51-30-77-57,08/12/2020,14:18:30,E090301
51-30-77-57,08/12/2020,14:18:30,E090301
51-30-77-57,08/12/2020,14:18:38,E090301
51-30-77-57,08/12/2020,14:18:38,E090301
51-30-77-57,08/12/2020,14:19:41,E090301
51-30-77-57,08/12/2020,14:20:07,E090301
51-30-77-57,08/12/2020,14:22:18,E090301
51-30-77-57,08/12/2020,14:23:11,E090301
51-30-77-57,08/12/2020,14:25:03,E090301
51-30-77-57,08/12/2020,14:25:53,E090301
51-30-77-57,08/12/2020,14:32:12,E090301
51-30-77-57,08/12/2020,14:32:12,E090301
51-30-77-57,08/12/2020,14:33:59,E090301
51-30-77-57,08/12/2020,14:34:04,E090301
51-30-77-57,08/12/2020,14:40:54,E090301
51-30-77-57,08/12/2020,14:42:30,E090301
51-30-77-57,08/12/2020,14:44:31,E090301
51-30-77-57,08/12/2020,14:44:31,E090301
51-30-77-57,08/12/2020,14:48:36,E090301
51-30-77-57,08/12/2020,14:48:36,E090301
51-30-77-57,08/12/2020,14:50:06,E090301
51-30-77-57,08/12/2020,14:50:06,E090301
51-30-77-57,08/12/2020,14:54:10,E090301
51-30-77-57,08/12/2020,14:54:44,E090301
51-30-77-57,08/12/2020,14:56:20,E090301
51-30-77-57,08/12/2020,15:00:18,E090301
51-30-77-57,08/12/2020,15:01:57,E090301
51-30-77-57,08/12/2020,15:04:57,E090301
51-30-77-57,08/12/2020,15:07:43,E090301
51-30-77-57,08/12/2020,15:07:43,E090301
51-30-77-57,08/12/2020,15:13:48,E090301
51-30-77-57,08/12/2020,15:17:56,E090301
51-30-77-57,08/12/2020,15:21:04,E090301
51-30-77-57,08/12/2020,15:23:34,E090301
51-30-77-57,08/12/2020,15:25:41,E090301
51-30-77-57,08/12/2020,15:25:55,E090301
51-30-77-57,08/12/2020,15:40:26,E090301
51-30-77-57,08/12/2020,15:42:19,E090301
51-30-77-57,08/12/2020,15:45:42,E090301
51-30-77-57,08/12/2020,15:45:43,E090301
51-30-77-57,08/12/2020,15:47:29,E090301
51-30-77-57,08/12/2020,15:47:29,E090301
51-30-77-57,08/12/2020,15:48:34,E090301
51-30-77-57,08/12/2020,15:48:34,E090301
51-30-77-57,08/12/2020,15:52:33,E090301
51-30-77-57,08/12/2020,15:52:33,E090301
51-30-77-57,08/12/2020,16:17:14,E090301
51-30-77-57,08/12/2020,16:26:52,E090301
51-30-77-57,08/12/2020,16:41:52,E090301
51-30-77-57,08/12/2020,16:58:53,E090301
51-30-77-57,08/12/2020,16:59:57,E090301
51-30-77-57,08/12/2020,16:59:57,E090301
51-30-77-57,08/12/2020,17:00:42,E090301
51-30-77-57,08/12/2020,17:00:42,E090301
51-30-77-57,08/12/2020,17:01:14,E090301
51-30-77-57,08/12/2020,17:01:14,E090301
51-30-77-57,08/12/2020,17:01:16,E090301
51-30-77-57,08/12/2020,17:01:16,E090301
51-30-77-57,08/12/2020,17:01:31,E090301
51-30-77-57,08/12/2020,17:01:32,E090301
51-30-77-57,08/12/2020,17:05:34,E090301
51-30-77-57,08/12/2020,17:05:34,E090301
51-30-77-57,16/12/2020,19:12:22,admin
76-56-81-14,05/12/2020,03:17:09,E010101
76-56-81-14,05/12/2020,03:17:09,E010101
76-56-81-14,05/12/2020,03:17:09,E010101
76-56-81-14,05/12/2020,03:17:09,E010101
76-56-81-14,05/12/2020,03:17:10,E010101
76-56-81-14,05/12/2020,03:38:23,E010101
76-56-81-14,05/12/2020,03:38:23,E010101
76-56-81-14,16/12/2020,19:12:22,admin
09-68-93-17,05/12/2020,02:49:28,E010101
09-68-93-17,05/12/2020,02:49:28,E010101
09-68-93-17,05/12/2020,02:49:28,E010101
09-68-93-17,05/12/2020,02:49:28,E010101
09-68-93-17,05/12/2020,02:49:29,E010101
09-68-93-17,05/12/2020,03:03:58,E010101
09-68-93-17,05/12/2020,03:05:14,E010101
09-68-93-17,05/12/2020,03:13:13,E010101
09-68-93-17,05/12/2020,03:13:13,E010101
09-68-93-17,16/12/2020,19:12:22,admin
90-28-22-14,16/12/2020,01:14:39,E090311
90-28-22-14,16/12/2020,01:14:39,E090311
90-28-22-14,16/12/2020,01:14:39,E090311
90-28-22-14,16/12/2020,01:14:39,E090311
90-28-22-14,16/12/2020,01:14:40,E090311
90-28-22-14,16/12/2020,01:16:24,E090311
90-28-22-14,16/12/2020,01:16:24,E090311
90-28-22-14,16/12/2020,01:19:28,E090311
90-28-22-14,16/12/2020,01:19:28,E090311
90-28-22-14,16/12/2020,01:21:47,E090311
90-28-22-14,16/12/2020,01:21:47,E090311
90-28-22-14,16/12/2020,01:24:16,E090311
90-28-22-14,16/12/2020,01:24:16,E090311
90-28-22-14,16/12/2020,19:12:22,admin
